{
  "app": {
    "title": "SpellWise",
    "login": "Anmelden",
    "signup": "Registrieren",
    "logout": "Abmelden",
    "teacher": "Lehrer",
    "student": "Schüler",
    "join": "Sitzung beitreten",
    "code": "Code",
    "preview": "Vorschau"
  },
  "help": {
    "title": "Hilfe",
    "gapfill": "Tippe das gehörte Wort. Richtige Buchstaben werden grün.",
    "system": "Wir zeigen die richtige Schreibweise und Definition; bitte bestätigen."
  }
  ,
  "common": {
    "check": "Prüfen",
    "hint": "Hinweis",
    "reveal": "Aufdecken",
    "confirm": "Bestätigen",
    "back": "Zurück",
    "next": "Weiter",
    "start": "Start",
    "submit": "Senden"
  },
  "gapFill": {
    "tutorial": {
      "title": "Kurzanleitung",
      "1": "Höre dir oben das Audio an. Du kannst pausieren und springen.",
      "2": "Tippe direkt in die Lücken. Drücke Enter zum Prüfen.",
      "3": "Grün ist korrekt. Rot bedeutet: versuche es erneut.",
      "4": "Brauchst du Hilfe? Nutze den Hinweis-Button oder Strg/Cmd+H."
    },
    "showHints": "Hinweise anzeigen",
    "hideHints": "Hinweise ausblenden",
    "finish": "Lückentext beenden",
    "jumpNext": "Zur nächsten unvollständigen springen"
  },
  "recall": {
    "immediate": "Sofortiges Erinnern",
    "delayed": "Verzögertes Erinnern",
    "avg": "Durchschnittliche Punktzahl",
    "unlockAt": "Verzögertes Erinnern freigeschaltet um",
    "gotoDelayed": "Zum verzögerten Erinnern"
  }
  ,
  "teacherHelp": {
    "title": "Schüleranweisungen (basierend auf gewählter Sprache)",
    "targets": "Zielwörter",
    "previewReadonly": "Eingaben sind hier schreibgeschützt; Schüler tippen in ihrer Sitzung."
  }
}

